{
  "project_info": {
    "project_number": "340474903879",
    "project_id": "macrohard-rental-app-user-view",
    "storage_bucket": "macrohard-rental-app-user-view.firebasestorage.app"
  },
  "client": [
    {
      "client_info": {
        "mobilesdk_app_id": "1:340474903879:android:d928757b373aef800aa062",
        "android_client_info": {
          "package_name": "com.example.macrohard_rentalapp_userview"
        }
      },
      "oauth_client": [],
      "api_key": [
        {
          "current_key": "AIzaSyBAmxDHKHX2v_9h_c4gBHJu09HE7jkNCNQ"
        }
      ],
      "services": {
        "appinvite_service": {
          "other_platform_oauth_client": []
        }
      }
    }
  ],
  "configuration_version": "1"
}